WMO_ID,n_casts,total_distance_km,straight_line_distance_km,avg_distance_per_cast_km,max_distance_per_cast_km,min_distance_per_cast_km,std_distance_per_cast_km,start_lat,start_lon,end_lat,end_lon,source
1900943.0,62,2661.1033116224066,835.967137854064,43.62464445282634,462.63104224056474,1.6065133177785895,73.98388329421188,17.604999542236328,-24.292999267578125,20.31599998474121,-31.708999633789062,PFL1
1901205.0,195,8843.746989968713,590.0308402825566,45.586324690560375,478.8139092905042,2.224443729658812,56.05914505768019,45.880001068115234,-19.910999298095703,40.74800109863281,-21.767000198364258,PFL1
1901206.0,199,8622.296325210567,1262.7799978768933,43.54695113742711,120.0459146210586,4.46698897479445,21.589568292741237,42.0880012512207,-20.003000259399414,31.4950008392334,-25.135000228881836,PFL1
1901215.0,12,529.4960956983983,250.49796237595186,48.13600869985439,151.04430756806144,4.960207587944141,38.00974699810818,53.678001403808594,-39.96799850463867,53.792999267578125,-36.16400146484375,PFL1
1901360.0,108,3478.62395900753,679.3776205834827,32.51050428979,267.48787742782486,2.8093632665294765,37.71231011123764,18.045000076293945,-17.305999755859375,14.11400032043457,-22.174999237060547,PFL1
1901361.0,119,3810.131443211829,1118.704394888681,32.28924951874431,463.5667174739571,4.283728648404762,49.52547412247145,18.038000106811523,-17.30900001525879,16.242000579833984,-27.670000076293945,PFL1
1901362.0,18,389.2819788476887,312.23058962447965,22.898939932216983,35.24726538535565,6.721066638279429,6.479873863735462,18.047000885009766,-17.316999435424805,19.361000061035156,-19.937000274658203,PFL1
1901363.0,123,2936.5870049827568,584.9701397946016,24.070385286743907,182.40361867853588,2.1014348932688915,24.581412159452068,18.023000717163086,-17.301000595092773,16.545000076293945,-22.589000701904297,PFL1
1901364.0,61,1684.984918362227,878.7187307249478,28.083081972703784,67.94756025544055,5.679619098669329,13.840123786371137,18.000999450683594,-17.22100067138672,17.19499969482422,-25.4689998626709,PFL1
1901365.0,121,4238.632786209659,1047.3330348334011,35.32193988508049,471.27518913444015,3.4136761477188773,50.29435060607726,17.98900032043457,-17.214000701904297,17.52199935913086,-27.093000411987305,PFL1
1901378.0,265,9159.167005134444,1099.4446059828624,34.69381441338805,397.7847465680356,0.6713924866573643,40.019454888439455,32.2400016784668,-63.76300048828125,36.6510009765625,-74.50499725341797,PFL1
1902303.0,39,339.09803634668,309.60577015943693,8.923632535438946,45.43108023322757,1.0950801053772605,7.2720638574791465,49.236000061035156,-14.741999626159668,46.45600128173828,-14.510000228881836,PFL1
1902304.0,42,340.3729939592621,27.69299243269761,8.301780340469808,14.508053357058087,1.1795742468733803,3.4454625049484027,48.987998962402344,-14.777000427246094,48.74300003051758,-14.845000267028809,PFL1
3900515.0,111,1866.5500732349328,474.5390842259422,16.96863702940848,140.371880879316,1.7824633127709393,15.946995577567192,-13.993000030517578,-82.7770004272461,-12.732999801635742,-86.96800231933594,PFL1
3900516.0,179,4576.083345938303,1032.7796750532445,25.70833340414777,786.8194862479622,0.489351839918155,81.48053456004054,-12.362000465393066,-79.16300201416016,-10.944000244140625,-88.53600311279297,PFL1
3900532.0,175,4995.842762014678,279.37030533791454,28.711740011578605,596.8563038834665,0.5632769374411499,45.16597244098356,-6.054999828338623,-89.23999786376953,-7.979000091552734,-90.86799621582031,PFL1
3900791.0,99,3550.789643343885,492.39413166427937,36.23254738106005,107.58465236457961,1.9432436464634038,20.41314653533654,-3.4619998931884766,-86.69999694824219,-5.7230000495910645,-90.5199966430664,PFL1
3900792.0,51,1576.0406619715159,474.6918897600623,31.520813239430318,189.87576696356666,3.577608632648764,25.60220849939622,-8.032999992370605,-81.87999725341797,-7.671999931335449,-86.17400360107422,PFL1
3901075.0,128,6198.103723921373,313.0612741491063,48.80396633008955,200.16481908396605,6.8000638347547415,29.105843462406916,-10.013999938964844,-85.81500244140625,-12.819000244140625,-85.56800079345703,PFL1
3901076.0,155,5042.382139642066,662.7086672295828,32.742741166506924,684.8982607820786,0.8961078051902723,61.14367219488957,-10.015000343322754,-85.79299926757812,-11.59000015258789,-91.6449966430664,PFL1
3901078.0,143,3785.363177101271,446.06899299168055,26.65748716268501,87.32289396562307,3.226593256927621,13.769965861314112,-7.998000144958496,-85.84100341796875,-6.203999996185303,-89.45700073242188,PFL1
3901080.0,100,4464.038327799923,1104.5418832848698,45.09129624040326,574.0609642251353,1.7934481817107553,75.10016869870093,-6.034999847412109,-85.81900024414062,-4.756999969482422,-95.71399688720703,PFL1
3901082.0,30,1057.9943770486364,538.6681087843986,36.482564725815045,74.24566514118365,6.434685339761022,18.213087781406887,-3.996999979019165,-85.88099670410156,-1.0190000534057617,-89.70600128173828,PFL1
3901084.0,54,2396.9956836558313,1348.995562644653,45.22633365388361,474.0549459616842,4.77280944041275,63.86810129030023,-1.9850000143051147,-85.84500122070312,-6.921999931335449,-96.96399688720703,PFL1
3902122.0,298,4151.577854613493,230.4234311954991,13.978376614860247,198.69683542353184,0.44465334402988327,16.83875740724633,10.883586883544922,-27.638629913330078,11.063748359680176,-25.5357723236084,PFL1
3902123.0,192,2514.5757929308293,697.7396024957442,13.165318287595964,112.3288448625104,0.6175569643602469,10.533283474547165,7.735931873321533,-26.854246139526367,7.664401531219482,-20.522579193115234,PFL1
3902126.0,57,277.76352065090964,183.13647384878917,4.960062868766244,11.350795222202992,0.5753616147490335,2.768488653542692,29.132596969604492,-18.45897102355957,28.647539138793945,-16.661283493041992,PFL1
3902127.0,104,1851.021007530485,560.9120012691224,17.971077743014416,54.65353514554897,0.8030058211580924,9.962668714643089,42.94776153564453,-15.77517032623291,41.041629791259766,-22.06170082092285,PFL1
3902132.0,118,4572.135357358315,279.03799931784533,39.078079977421496,142.20875376187675,0.4838601157675756,42.44422586267193,0.011195000261068344,-9.836893081665039,0.8833349943161011,-12.190008163452148,PFL1
4900345.0,35,1193.8697279782778,19.194288464467007,35.113815528772875,311.52101373172985,1.8673181632558054,50.760028534288054,52.01599884033203,-48.36000061035156,51.922000885009766,-48.595001220703125,PFL1
4900607.0,17,792.375719495574,428.64961809010777,49.523482468473375,204.54316202610912,16.78265181073824,43.33896041551711,50.4900016784668,-48.20800018310547,53.972999572753906,-45.507999420166016,PFL1
4900856.0,11,433.26651997248734,143.69396713863713,43.32665199724873,71.78159446206138,14.180326333385382,16.22559625526543,10.119000434875488,-39.229000091552734,9.560999870300293,-38.04600143432617,PFL1
4901460.0,10,322.5144277663012,77.12455897517312,35.83493641847791,74.23486841151336,8.451541850056678,20.236487800523616,1.9809999465942383,-22.09600067138672,1.8040000200271606,-22.767000198364258,PFL1
4902390.0,15,554.1243038928595,304.1202220451799,39.58030742091854,100.6657611276973,3.7783121715105614,30.057968976868548,44.0800895690918,-54.67094802856445,41.58805465698242,-56.208213806152344,PFL1
4902409.0,26,1167.2507676469286,221.5660026148106,46.69003070587714,132.44812109907647,2.3169223342945258,32.93982431296654,53.988189697265625,-38.51985168457031,52.05125045776367,-39.297489166259766,PFL1
5901457.0,170,4968.8938309148725,184.33171803283756,29.4017386444667,276.80291659886757,1.9100319908084704,30.995725717165094,4.932000160217285,-94.96399688720703,5.214000225067139,-93.3239974975586,PFL1
5901459.0,122,5737.664429997975,442.31753606013257,47.418714297503925,287.4115097542034,1.024797768018208,41.92094456633063,0.8410000205039978,-95.88300323486328,2.1110000610351562,-92.11199951171875,PFL1
5901460.0,92,3706.515387470871,560.4293571298076,40.730938323855725,245.54913314014757,4.57938323861118,37.25763082888468,-2.0209999084472656,-94.9260025024414,-2.936000108718872,-89.96499633789062,PFL1
5901461.0,10,318.6714958666864,122.00802842005412,35.40794398518738,103.83687611212783,14.29087280640178,26.02054909092471,9.036999702453613,-95.9010009765625,9.645999908447266,-96.82599639892578,PFL1
5901462.0,172,4980.034976356848,228.4306542810206,29.12301155764239,615.1671345735856,1.3337661923606794,54.49856471869558,6.968999862670898,-94.93499755859375,6.375,-92.95500183105469,PFL1
5901463.0,50,1787.6245191177047,136.10845636377107,36.48213304321846,159.15125955186545,4.3283460945332255,30.305996628628478,11.083000183105469,-96.6500015258789,11.996999740600586,-95.81900024414062,PFL1
5901464.0,19,770.9418712975082,26.827236715205107,42.83010396097268,117.88921888000647,6.687060249909593,30.829684584839168,13.024999618530273,-96.90599822998047,13.130000114440918,-96.68299865722656,PFL1
5901465.0,147,5099.656895211614,191.06946044244236,34.9291568165179,278.0576806271105,1.8939998707044654,35.214637286559025,-8.005000114440918,-95.2490005493164,-8.638097763061523,-96.86345672607422,PFL1
5901466.0,133,3463.795725124396,257.1224019678676,26.24087670548785,332.9390816757959,1.1173924903221486,38.844054848827916,-5.999000072479248,-95.1729965209961,-8.192999839782715,-94.43699645996094,PFL1
5901467.0,20,493.06601287537495,212.80979907663684,25.95084278291447,70.90180401597173,3.8216883936237234,16.778884767638935,-4.033999919891357,-95.22899627685547,-4.783999919891357,-96.99500274658203,PFL1
5902306.0,104,4626.091384602925,757.4149409157179,44.913508588377915,153.04430654386405,3.1549389901189064,32.307606359845714,48.74700164794922,-21.413999557495117,50.59600067138672,-11.27400016784668,PFL1
5902307.0,147,6282.525551385985,882.4274195099683,43.03099692730127,122.6827309887633,1.7160224840263498,24.542374148733064,45.845001220703125,-19.204999923706055,38.935001373291016,-24.500999450683594,PFL1
5903892.0,311,10135.140307341868,1207.5733901861738,32.69400099142538,596.4514904230845,0.3128165367620813,49.241464199536836,31.72599983215332,-64.20099639892578,22.173999786376953,-70.01000213623047,PFL1
5904479.0,123,5118.313613768362,1094.201376531748,41.953390276789854,202.24300929201658,6.947901280769067,29.1293552237119,52.823001861572266,-34.983001708984375,52.51599884033203,-18.729000091552734,PFL1
5904601.0,277,4780.247626523961,176.75355366748246,17.31973777726073,559.2020568844428,0.7861809133027059,46.2635018944374,-8.019000053405762,-95.28900146484375,-7.906000137329102,-96.88999938964844,PFL1
5904602.0,140,2490.875552161479,215.82267493615404,17.91996800116172,126.3794097470958,0.6647721211816329,14.239029261189511,-5.02400016784668,-95.03600311279297,-5.142000198364258,-96.98100280761719,PFL1
5904665.0,40,824.5168648375226,493.51226596591914,21.14145807275699,46.527525823846645,1.7114137243746548,11.707167837637831,24.51799964904785,-50.834999084472656,24.6299991607666,-45.95600128173828,PFL1
5904666.0,187,2990.8177953298637,149.8491540736352,16.079665566289588,57.54863544189346,1.8448864486915424,9.19200765832495,24.452999114990234,-55.9379997253418,24.187999725341797,-57.38800048828125,PFL1
5904667.0,93,1270.7911356408636,393.3179359798859,13.812947126531126,60.925325332776914,1.3340610799224764,9.812498783086994,24.496999740600586,-62.6870002746582,25.371000289916992,-58.90700149536133,PFL1
5904769.0,295,8558.798072309615,1542.5627873492708,29.111558069080324,152.720228496793,0.7332433086038753,25.92797844484274,45.11600112915039,-43.683998107910156,47.76100158691406,-23.863000869750977,PFL1
5904988.0,88,3647.286104184946,1358.1790021338145,41.922828783735014,132.12856278272966,3.7484717575234487,28.490099847777632,53.99700164794922,-52.20100021362305,52.590999603271484,-31.82900047302246,PFL1
5906019.0,146,2816.2729688099826,154.47882169933646,19.422572198689537,122.39666141554879,2.134470024024168,14.822059170147492,-4.085000038146973,-95.12100219726562,-3.384000062942505,-96.322998046875,PFL1
5906021.0,164,2525.1442405732746,93.31128389510302,15.491682457504751,72.76305867478688,0.3514621549028889,9.852553355122161,4.980000019073486,-90.822998046875,4.203000068664551,-91.14099884033203,PFL1
5906041.0,13,130.46867468666792,16.864120593506275,10.872389557222327,39.866227941526525,1.3002129762405084,10.515007481238179,-7.914000034332275,-95.02899932861328,-7.789512634277344,-95.11644744873047,PFL1
5906339.0,8,255.8249748842703,133.64434147418572,36.54642498346718,62.5028927391415,12.87604525256494,16.22842727446462,20.091999053955078,-52.367000579833984,20.18899917602539,-51.090999603271484,PFL1
5906340.0,8,242.31013394032482,203.3434544158715,34.6157334200464,47.39757586769963,9.688289681672918,11.193930673887223,24.10700035095215,-52.42100143432617,24.569000244140625,-54.362998962402344,PFL1
5906343.0,7,244.6386161306869,211.9747745026345,40.773102688447814,70.95608330349896,6.063771472017542,24.43031610112047,15.982000350952148,-52.354000091552734,16.899999618530273,-54.09600067138672,PFL1
5906437.0,5,182.0800097736116,95.9836990038837,45.5200024434029,65.31063611278329,25.902289302051248,17.75420978323308,16.559999465942383,-67.3479995727539,17.41699981689453,-67.23999786376953,PFL1
5906440.0,8,317.82904967383365,293.7287890913975,45.404149953404804,75.80738434170571,17.198459759179922,17.14166135275621,31.729999542236328,-52.310001373291016,30.23200035095215,-54.847999572753906,PFL1
6900524.0,58,2435.450732511531,42.974586217805154,42.727205833535635,304.36017416277343,0.47052900115678087,43.3740778260515,7.085999965667725,-22.91200065612793,7.459000110626221,-22.809999465942383,PFL1
6900627.0,84,2978.9972646207193,706.8115516577618,35.891533308683364,296.782506066897,3.1504984060603127,35.197201090379245,16.16200065612793,-18.00200080871582,9.824999809265137,-18.51300048828125,PFL1
6900628.0,174,7815.251446317357,246.8228218799656,45.17486385154541,1405.4229143978216,1.1625843491002388,107.8114380445121,18.00200080871582,-19.0,16.51099967956543,-17.277999877929688,PFL1
6900629.0,52,1892.3119098610714,87.40090286769222,37.10415509531513,404.49960903206994,1.7940272192059519,76.36677877803632,8.008000373840332,-22.076000213623047,8.182999610900879,-22.850000381469727,PFL1
6900630.0,154,6753.097635227608,730.703018565702,44.137893040703325,578.2135292871754,2.21131012165468,66.64666298075082,17.503000259399414,-24.336999893188477,22.82200050354004,-28.450000762939453,PFL1
6900631.0,78,2988.6365992174706,410.79256569590916,38.813462327499614,128.6568190077892,2.871063069298074,22.375609966526895,19.989500045776367,-18.003799438476562,20.324100494384766,-21.923099517822266,PFL1
6900632.0,87,2778.2496444497606,1298.8235898055275,32.30522842383443,181.2575960738553,0.17823826165694961,22.01339354088916,17.99850082397461,-17.0,21.24180030822754,-28.917600631713867,PFL1
6900764.0,95,3948.2038715584013,479.4762901334329,42.00216884636597,96.45271426868916,7.111470846691189,19.888660070468834,25.742000579833984,-19.586999893188477,21.67099952697754,-21.139999389648438,PFL1
6900784.0,72,3255.7090831325354,299.4445311282674,45.85505750890895,102.57213841950548,7.003273336779414,22.28808886482882,45.98099899291992,-7.901000022888184,44.137001037597656,-10.680000305175781,PFL1
6900889.0,262,4716.725400959041,308.9792111206974,18.07174483126069,54.39900914648213,1.368713352979492,9.26031029740324,10.981800079345703,-23.03019905090332,9.760600090026855,-25.567699432373047,PFL1
6900890.0,259,4980.1725379771215,535.5512638233645,19.30299433324466,159.13402430039116,0.8614158339202447,14.487131411616767,15.971500396728516,-17.616600036621094,11.767000198364258,-20.037099838256836,PFL1
6900891.0,30,366.14661029203523,20.539524603834195,12.625745182483973,116.21138606560041,2.8811929844052493,20.710287587533134,-13.343199729919434,-78.71540069580078,-13.229369163513184,-78.86487579345703,PFL1
6901021.0,193,8516.630331022163,355.0478973424889,44.357449640740434,132.1568100884067,4.141457333092802,26.148445592091793,41.354000091552734,-13.805000305175781,38.25299835205078,-14.795999526977539,PFL1
6901152.0,139,2605.784185770912,294.95964428205286,18.882494099789216,242.7363746928256,0.13597234587841708,22.898408931106186,30.368825912475586,-23.157020568847656,30.32735252380371,-26.23057746887207,PFL1
6901174.0,241,3162.9429202940555,270.19239510219734,13.178928834558565,186.1400671282193,0.22375601947158472,14.68476434415522,14.2211332321167,-27.908687591552734,14.153510093688965,-30.414072036743164,PFL1
6901175.0,307,3863.2387579532565,187.4415747915117,12.624963261285153,35.97968808978373,0.5797488590708786,6.724761032286633,10.763161659240723,-27.19335174560547,9.079984664916992,-27.099706649780273,PFL1
6901180.0,431,9664.20342256347,810.6834532876762,22.474891680380164,235.0951940391875,0.07751227991674922,31.498114212887554,53.96824645996094,-40.15749740600586,53.8287467956543,-27.77052879333496,PFL1
6901181.0,490,10002.325812785839,827.1987991111857,20.454654013876972,1151.1558909232083,0.02937735307372455,54.58160124361187,49.094539642333984,-27.74625587463379,43.32305145263672,-20.949344635009766,PFL1
6901182.0,287,12151.176293920798,961.0755104811875,42.48663039832447,139.18815238838258,0.6543616409066619,30.238846154850435,24.499217987060547,-60.351112365722656,20.056196212768555,-68.36685180664062,PFL1
6901183.0,369,7291.256140869105,504.6732910623486,19.813196034970396,81.93992423283079,0.17727677406632003,15.535695617277963,24.499256134033203,-64.01676940917969,27.897737503051758,-60.66316223144531,PFL1
6901458.0,166,6522.746604130918,1478.2312629290932,39.531797600793446,251.09434532467353,1.944213795673297,30.68724180879727,-12.045999526977539,-78.99299621582031,-12.616000175476074,-92.58999633789062,PFL1
6901459.0,116,4405.0710622433535,1721.8599880605339,38.304965758637856,86.8192289641294,1.2764786160089328,19.254839913377616,-7.823143005371094,-81.6672134399414,-4.710999965667725,-96.93000030517578,PFL1
6901468.0,53,305.49747435676835,76.57085477851646,5.874951429937853,32.034985077011726,0.8028365238333727,4.395772493780902,25.341028213500977,-35.623043060302734,25.620872497558594,-36.32003402709961,PFL1
6901472.0,189,6321.43436845227,226.7163160878679,33.624650896022715,211.50623613671257,0.5527489819565663,24.674599825394456,22.02396583557129,-39.80792999267578,20.110820770263672,-40.563480377197266,PFL1
6901473.0,276,5623.981562627996,1034.36419669188,20.450842045919984,806.3420893745747,0.0903915708169316,62.17132863778812,22.02947998046875,-39.80777359008789,21.21781349182129,-49.777915954589844,PFL1
6901474.0,255,5551.521737053961,166.57137783956438,21.85638479155103,319.1729589016964,0.11259929017966755,42.42438772959105,22.03179359436035,-39.802337646484375,21.542129516601562,-38.2776985168457,PFL1
6901597.0,23,369.17036432176593,234.0322160361422,16.780471105534815,188.56419797642363,1.2002145627195788,38.0650798405641,45.5,-7.000999927520752,47.33140182495117,-8.505718231201172,PFL1
6901602.0,33,905.7698873477426,112.02134872631318,28.305308979616957,98.34142674755681,3.691797187032012,23.35932643076078,52.74585723876953,-35.48619842529297,53.408084869384766,-36.75001907348633,PFL1
6901604.0,15,382.52698756610573,193.62489375607342,27.323356254721837,41.13094832877961,11.762453807352243,10.218892321488141,47.58795166015625,-34.3172492980957,49.18760681152344,-35.35334396362305,PFL1
6901631.0,33,832.6437103933417,26.94871845281479,26.02011594979193,137.2628576235272,3.222139064884213,30.803634648196258,40.22280502319336,-12.056797981262207,40.23582458496094,-12.373781204223633,PFL1
6901632.0,64,1083.4781720648211,229.20133717838743,17.19806622325113,89.24032928554409,0.8341744860579633,20.455323003352156,46.516998291015625,-19.650999069213867,45.772640228271484,-22.425556182861328,PFL1
6901756.0,36,778.7188745706877,150.43594375410512,22.24911070201965,44.6962417650335,2.9242239243758066,10.559191110080546,47.75086975097656,-29.9658260345459,48.24676513671875,-31.84701919555664,PFL1
6901759.0,10,424.50073080616994,278.8661042413338,47.166747867352214,98.00540274830287,14.872321249203003,27.66302525193784,52.70243835449219,-35.288394927978516,53.046627044677734,-39.40484619140625,PFL1
6901763.0,99,1443.9286331404576,174.69279476561107,14.733965644290384,39.288469647203826,2.2190730280700723,8.024138479998355,45.052528381347656,-18.49979591369629,43.64447021484375,-17.52524757385254,PFL1
6902680.0,132,116.99202056920387,37.81314857399692,0.8930688593068998,1.7429329225564447,0.15246952307343373,0.35217275942243487,46.89514923095703,-4.328233242034912,47.15250015258789,-4.002148151397705,PFL1
6902806.0,109,4971.346964310768,1423.5362300971321,46.03099041028489,125.132076769987,7.708389045009694,25.919558998564924,52.49943161010742,-24.194717407226562,41.99713134765625,-13.332077980041504,PFL1
6902807.0,17,662.3683924970933,113.23108338457948,41.39802453106833,88.84062854190277,9.813529358654822,22.691846865132252,53.77299499511719,-34.04511642456055,53.902488708496094,-32.33334732055664,PFL1
6902811.0,66,1699.4186069148561,195.0532027811912,26.14490164484394,90.26070977404237,3.140789398174189,18.86681488815352,52.782623291015625,-35.99240493774414,53.89553451538086,-38.26363754272461,PFL1
6902819.0,75,2435.683332984959,326.94662368529225,32.91463963493188,80.62690170172783,1.717879430205976,18.25636666151962,51.19097137451172,-35.07752990722656,53.855648040771484,-33.03351974487305,PFL1
6902878.0,116,3541.9680598770938,626.561400354494,30.799722259800816,143.30257796771522,1.7669375325199717,29.434605275947632,9.40967845916748,-57.164100646972656,10.582138061523438,-51.567501068115234,PFL1
6902931.0,30,26.68878765138199,7.841153219578259,0.9203030224614479,2.2866450907130007,0.3350573342702261,0.35982124497064083,46.899662017822266,-4.321591854095459,46.96868896484375,-4.300473213195801,PFL1
6902957.0,106,3100.0111574457137,617.832574900562,29.523915785197275,66.88342987489656,1.193094044641679,18.826349934335234,8.34289836883545,-52.68986129760742,7.917458534240723,-58.286155700683594,PFL1
6902958.0,116,5018.9689442188155,404.83026354935606,43.643208210598395,239.48531146358292,2.4877820442323992,41.65292264641096,9.398326873779297,-57.156959533691406,12.912264823913574,-58.12790298461914,PFL1
6902964.0,126,6236.793950825806,577.6365737396316,49.89435160660645,727.6810174846884,0.5811961292413843,92.08405044276351,7.915433406829834,-53.562095642089844,10.752286911010742,-57.97282028198242,PFL1
6902966.0,224,3710.316303609193,967.4368236820234,16.638189702283377,72.92927150299802,0.778826380877495,18.30942273773633,8.344476699829102,-52.690425872802734,11.578676223754883,-60.89236068725586,PFL1
6902972.0,35,541.0014849922386,104.72649493186015,15.911808382124665,32.080870548824514,2.77504763431582,7.910504624545763,47.80908203125,-30.04117774963379,46.888633728027344,-29.746658325195312,PFL1
6902973.0,35,1430.468208346902,470.1772191324999,42.07259436314418,147.9956071519859,6.649612478746098,37.420225439645115,47.10683059692383,-42.574764251708984,46.71408462524414,-36.41022491455078,PFL1
6902975.0,40,1297.028524977325,647.8655421339595,33.25714166608526,328.89926624718936,0.9783735822077122,51.536190144752986,47.532379150390625,-39.95677185058594,51.50497817993164,-33.3828125,PFL1
6902983.0,89,578.6654298687116,213.09621890196948,6.575743521235359,35.31843363422056,0.11859567602961199,6.5597590373037145,-9.885147094726562,-10.018476486206055,-8.947556495666504,-11.71273136138916,PFL1
6902984.0,86,767.3691264544514,355.7474800726947,9.027872075934722,63.69271748770264,0.34664686771900216,11.72278534137772,0.02762500010430813,-23.002246856689453,0.2186799943447113,-19.80863380432129,PFL1
6903029.0,32,1381.7778296316876,104.88375804587587,44.57347837521573,142.65404814970364,4.08940810669543,36.69474717321992,52.98503494262695,-51.13756561279297,53.20388412475586,-49.60962677001953,PFL1
6903065.0,19,767.9321359905898,199.450983195234,42.66289644392165,207.2200276427805,4.198707298101424,48.55274828360804,35.9412956237793,-6.2204766273498535,35.95072937011719,-4.004833221435547,PFL1
6903066.0,51,1649.1059109754567,642.6344277780457,32.98211821950913,123.09276506255911,1.1038899364920622,28.17479819392826,36.17747116088867,-6.73222017288208,35.79458999633789,-13.860556602478027,PFL1
6903071.0,15,238.35888264792777,117.63379678898524,17.025634474851984,26.523253483874402,5.688420842897883,5.593122840333936,36.001827239990234,-13.834766387939453,35.82917022705078,-15.12350845336914,PFL1
6903072.0,16,212.0753444200377,158.89887708406366,14.138356294669181,27.638057953227776,2.336674415231982,8.220924301537517,36.17295837402344,-19.435199737548828,37.55711364746094,-18.991159439086914,PFL1
6903091.0,33,390.25568043230805,56.41187247493358,12.195490013509627,65.63222997013348,0.08061169842927461,18.908911749888517,8.9738130569458,-20.053462982177734,9.069568634033203,-20.55790901184082,PFL1
6903265.0,46,211.8669744289655,97.69876268880667,4.708154987310345,39.99313791287663,0.23899032159861958,7.267367125824837,36.02717590332031,-4.212118148803711,35.21031951904297,-4.610226631164551,PFL1
6903874.0,33,641.4651450198072,608.8618810871801,20.045785781868975,173.42518020061203,0.39696229860514215,46.37694321014068,0.030950000509619713,-9.830610275268555,-0.375789999961853,-4.370075225830078,PFL1
6903875.0,37,481.5699373827164,472.9713417222906,13.376942705075455,71.45882045918736,0.1941740506817719,21.488577341030513,-6.0529584884643555,-10.010011672973633,-5.894521713256836,-14.2838134765625,PFL1
6903876.0,24,266.91665216687096,72.17539602546773,11.605071833342215,59.25263074867189,0.20050107230832423,18.223173798817157,0.031166667118668556,-22.973909378051758,-0.0997583344578743,-22.33816146850586,PFL1
6903877.0,24,259.8929284053968,74.48432132806333,11.299692539365077,75.36867988453511,0.2197265548981186,18.459800713372896,0.02753833308815956,-22.9755859375,0.028326665982604027,-22.30573272705078,PFL1
6903878.0,31,508.3711488770655,496.73410960341687,16.94570496256885,72.90079370884075,0.0844965055297852,23.491101509919705,-6.0589399337768555,-10.01052474975586,-6.497735023498535,-14.48300838470459,PFL1
6904134.0,7,31.2740460392368,30.9767392049237,5.212341006539467,13.591283772284351,2.189244443027025,3.817004649035023,18.78963851928711,-21.896865844726562,18.538463592529297,-22.024045944213867,PFL1
7900559.0,174,4051.0608239238,1288.0458907059724,23.41653655447283,350.4781729126547,0.6894861184946435,43.83856835904392,14.523819923400879,-26.95056915283203,16.631614685058594,-38.777557373046875,PFL1
7900560.0,117,2067.750220942845,61.801670210717226,17.825432939162457,137.8841254186105,1.7163684206121954,23.37616420094768,17.15553092956543,-20.589040756225586,17.67279624938965,-20.37593650817871,PFL1
7900561.0,129,1330.9853435826249,124.48877897631819,10.398322996739257,31.61943631275841,0.37833319843239266,6.7955991000438,17.796310424804688,-20.611629486083984,16.970130920410156,-21.403329849243164,PFL1
1902380.0,86,2841.4633716336634,677.0163814183454,33.428980842748985,84.98506422583539,2.756353071858657,18.17650579873278,18.224000930786133,-38.04800033569336,18.566600799560547,-44.4546012878418,PFL2
1902381.0,86,2972.1671938799022,152.4024496467921,34.96667286917532,74.20173118118976,4.189860031636814,16.68017330743943,17.283000946044922,-33.51100158691406,16.07390022277832,-34.18479919433594,PFL2
1902382.0,85,3399.964356208679,326.0228822420223,40.47576614534142,89.79283129404057,2.667626832761235,18.283830016460147,16.645000457763672,-30.5,19.492700576782227,-29.76569938659668,PFL2
1902383.0,85,3931.335097160553,813.3363616995748,46.80160829953039,117.53114273559349,3.2794665921144426,26.43139097176179,22.388999938964844,-59.04499816894531,24.488300323486328,-51.40650177001953,PFL2
1902384.0,86,3424.3938684748646,181.85545707820575,40.28698668793958,84.80964454440078,10.360310484970334,15.953200684356268,19.118999481201172,-42.5099983215332,20.174299240112305,-41.18330001831055,PFL2
1902385.0,85,3834.953701628198,1120.009486188719,45.654210733669025,140.20886352754584,10.786673518712963,21.414466068730924,24.253000259399414,-67.92500305175781,26.77680015563965,-57.1156005859375,PFL2
1902601.0,62,1376.5497426502864,208.42016749706642,22.566389223775186,65.9537103061078,2.2841343056964414,16.99999610206352,11.45044994354248,-22.997421264648438,11.835622787475586,-24.870330810546875,PFL2
1902637.0,29,1090.4040333879686,372.84206640546904,38.94300119242745,99.91122175602452,5.703568444765307,23.333681979432118,51.10348892211914,-19.11443328857422,53.67984390258789,-15.595751762390137,PFL2
2903459.0,37,1027.3329163521867,341.66265939774183,28.537025454227408,58.76875902175985,5.2820107480774094,15.168650799281018,-9.994400024414062,-90.23860168457031,-9.777600288391113,-93.34980010986328,PFL2
3901578.0,88,1221.3677937478246,176.7835025251069,14.0387102729635,35.996041496766836,1.8508244113172172,5.819433925882122,10.439708709716797,-25.320283889770508,10.209948539733887,-23.72122573852539,PFL2
3901579.0,5,58.6320813494484,57.87459778766268,14.6580203373621,16.277364448825782,13.79570446485809,0.9704050092068187,40.6111946105957,-16.934476852416992,41.078216552734375,-16.630756378173828,PFL2
3902476.0,43,1020.7996301686303,238.23371423636476,24.3047530992531,54.45278883835572,0.4027150893835308,16.04179811782217,13.413778305053711,-17.602170944213867,13.584855079650879,-19.798503875732422,PFL2
3902498.0,50,1364.9318968445066,146.09433671576187,27.855752996826666,68.52360857682895,1.716567689737605,17.07717588547914,11.295876502990723,-23.0714054107666,11.329976081848145,-24.410846710205078,PFL2
3902506.0,67,803.2235943303957,534.9848897256327,12.17005445955145,55.066375949447604,0.04822697508674596,15.383475253620116,44.33891677856445,-5.666914463043213,48.143577575683594,-9.928751945495605,PFL2
3902589.0,9,116.98218476850562,87.39040733734164,14.622773096063202,25.12891728244364,0.9705043072930633,8.448287548507325,11.491955757141113,-23.017452239990234,11.060972213745117,-22.34730339050293,PFL2
4902627.0,46,1396.9683365335427,494.09308997034645,31.043740811856505,235.79798484067865,0.0,51.26899768347482,43.49802017211914,-57.75529098510742,41.44801330566406,-63.10203170776367,PFL2
4903273.0,27,173.84582929054307,158.3372498960838,6.6863780496362715,13.293345191791785,1.4455883407766135,2.876576796520909,31.759000778198242,-64.11299896240234,33.150001525878906,-63.75199890136719,PFL2
4903274.0,114,4998.310063974152,1108.3315324600028,44.23283242455002,156.3922229307457,1.0397360139504894,36.92900844296013,31.761999130249023,-64.11000061035156,28.734800338745117,-75.11029815673828,PFL2
4903463.0,55,1677.474627087163,113.25656312243231,31.064344946058576,71.1537805281449,9.568513948186698,15.107696493641198,6.040999889373779,-22.864999771118164,5.212900161743164,-22.269100189208984,PFL2
4903485.0,40,1638.7945526353465,691.33658021097,42.02037314449606,116.90755719997199,8.21917291187686,22.52003273936938,29.889699935913086,-23.367700576782227,27.82509994506836,-16.67009925842285,PFL2
4903486.0,44,1543.860415889343,549.5962070512388,35.903730602077744,84.89701784333126,0.8808501377980645,19.791220655868916,4.497700214385986,-25.758899688720703,4.215700149536133,-20.809999465942383,PFL2
4903487.0,43,1203.9914356499062,422.5330387485065,28.666462753569196,85.84181753093534,3.105656945345954,17.11957458294539,24.57830047607422,-26.533599853515625,25.71780014038086,-22.52869987487793,PFL2
4903533.0,40,1410.7423887800294,777.8515198344496,36.172881763590496,70.47707719761947,3.6292496764734237,16.11392184832446,43.974098205566406,-20.021400451660156,40.641700744628906,-28.345699310302734,PFL2
4903570.0,16,496.94822083535325,110.26458845657076,33.12988138902355,51.56980158010991,5.072622252715662,12.194957321556664,31.74370002746582,-64.16999816894531,32.505001068115234,-64.92030334472656,PFL2
4903571.0,8,95.27993998635675,73.53490330438595,13.611419998050964,27.96909454063429,3.1191556971442846,9.336738695351485,20.45240020751953,-23.152299880981445,19.916400909423828,-22.739599227905273,PFL2
4903624.0,95,4527.539745218584,689.9491441021536,48.16531643849558,191.9526604855187,0.6158006935352232,40.380960050248625,27.368099212646484,-89.79450225830078,24.149499893188477,-83.90260314941406,PFL2
4903625.0,30,1178.6031083918251,503.3343006756599,40.641486496269835,126.99661137883265,3.140543663326903,33.54175077704372,26.56529998779297,-86.88130187988281,23.42140007019043,-83.28730010986328,PFL2
4903643.0,76,1910.213466019549,1646.0966538218381,25.469512880260655,60.330325472431525,0.3655187205568531,15.260795121102808,13.22740650177002,-17.753923416137695,13.817841529846191,-32.97014617919922,PFL2
4903668.0,32,900.2370112372106,227.0715718162258,29.039903588297115,75.69909819830518,4.065880775411295,16.46166193795459,45.68681335449219,-46.89723205566406,43.80624771118164,-48.018245697021484,PFL2
4903739.0,51,2276.0474045829137,679.3294833973564,45.520948091658276,127.45351177931562,7.105785172848859,35.139528381264014,48.45759963989258,-22.424467086791992,42.36579895019531,-23.08502769470215,PFL2
4903740.0,62,2137.373247757669,237.242973208591,35.03890570094539,91.83766134646774,6.760309084071031,18.268390117689005,48.914546966552734,-16.489238739013672,50.112667083740234,-13.769762992858887,PFL2
5906435.0,107,4076.999359810286,597.8845448610101,38.462258111417796,111.29346541527737,2.176146009518548,29.10809651491535,28.29199981689453,-56.832000732421875,33.244998931884766,-54.39500045776367,PFL2
5906477.0,26,574.5128175628086,499.65794095567134,22.980512702512343,55.73387672227852,4.5006902212074875,18.458886480560555,12.593999862670898,-92.802001953125,10.347000122070312,-96.77300262451172,PFL2
5906478.0,103,3032.714238120695,234.6367793906356,29.73249253059505,96.37602914266758,0.4961446314275471,21.245348615770194,8.552000045776367,-89.35600280761719,8.657400131225586,-87.22450256347656,PFL2
5906479.0,75,2533.7991848180086,314.0580402412154,34.240529524567684,125.19490327924974,0.247653762677594,24.861650202029267,11.48799991607666,-94.89600372314453,10.11709976196289,-92.38200378417969,PFL2
5906480.0,100,3134.1164328738228,63.48204406401875,31.65774174620023,97.51072855277425,0.24483628063057175,22.66154843688517,11.026000022888184,-90.23200225830078,10.674300193786621,-89.77410125732422,PFL2
5906483.0,41,1306.578420677166,309.20905474032764,32.66446051692915,184.44314183967373,3.1165039694239924,34.55248643547902,13.189000129699707,-96.94599914550781,14.412450790405273,-94.37451171875,PFL2
5906486.0,75,2124.8996516934676,276.87904803268066,28.71486015801983,138.96680776788838,9.356443119106762,22.514320038384092,12.020999908447266,-94.52300262451172,12.565099716186523,-92.03610229492188,PFL2
5906574.0,17,278.23992066914076,6.154351539870885,17.389995041821297,34.470348026926395,7.944584007437243,6.915674662676143,-13.205100059509277,-96.89459991455078,-13.188400268554688,-96.94879913330078,PFL2
6901753.0,5,176.13012306128573,160.69591367182753,44.03253076532143,55.05097223401336,29.318483244370693,9.340982623178451,53.15599822998047,-39.79899978637695,52.37799835205078,-41.8120002746582,PFL2
6901754.0,10,228.5978873474743,89.61596894208476,25.399765260830478,43.99848914090786,9.324549522582533,11.215890230383385,41.292999267578125,-35.3650016784668,40.61600112915039,-34.7859992980957,PFL2
6902888.0,23,1061.6068348817982,266.183164576302,48.25485613099083,155.60673831924694,9.589502858124462,35.53365680450143,51.57039260864258,-45.222843170166016,53.81816101074219,-43.8636589050293,PFL2
6902961.0,154,4089.0221590156725,615.2724937666225,26.725635026246227,77.42675001840288,0.46366583688792434,15.86128664104711,-12.70138168334961,-77.80854797363281,-10.89492130279541,-83.15184783935547,PFL2
6902963.0,183,2770.83488539704,543.529004268885,15.22436750218154,80.25453652307726,0.12693834836962167,12.282474123335415,-7.493549823760986,-80.95695495605469,-8.642644882202148,-85.75565338134766,PFL2
6902970.0,90,2387.3542948864533,658.6402294095002,26.824205560521946,112.87414709715198,0.2600868830467164,19.350202430878376,50.448429107666016,-40.83369445800781,50.785526275634766,-31.507244110107422,PFL2
6902982.0,48,748.4551293025826,137.7011497204086,15.924577219203885,90.17486328500588,1.1479404290097581,16.664071786467474,42.15776824951172,-14.897067070007324,42.21072006225586,-16.56681251525879,PFL2
6903028.0,100,2063.722991038629,1036.4016404745666,20.84568677816797,186.97322844332308,2.1769681174852327,30.836459190334093,46.32817077636719,-19.227294921875,38.082218170166016,-25.111621856689453,PFL2
6903035.0,108,2477.6408717709296,575.4775051388235,23.155522166083454,71.36621703963417,2.5308901950629616,16.325881815364177,49.303367614746094,-21.786651611328125,45.86774444580078,-16.04288101196289,PFL2
6903067.0,106,4922.671615853029,1099.4579532049847,46.8825868176479,168.85927622471584,6.855531510673489,34.843563209761214,8.858256340026855,-20.792102813720703,18.14898109436035,-17.307857513427734,PFL2
6903080.0,106,1843.1204760762544,151.35816345297948,17.553528343583373,53.19790816844225,0.809960607448459,10.18543715610667,42.153358459472656,-14.9113130569458,40.8332405090332,-15.354425430297852,PFL2
6903081.0,107,2120.8921543522993,551.1243685623529,20.00841655049339,149.69554046265483,2.6347533078508203,19.397830015055746,46.33976364135742,-19.238147735595703,41.98442840576172,-22.539215087890625,PFL2
6903085.0,24,835.627470490693,394.61001308895266,36.33162915176926,84.52200422309028,8.814782844108016,20.583885358751022,53.9737434387207,-33.907386779785156,51.98154067993164,-38.7873649597168,PFL2
6903579.0,77,1871.615716005404,1104.9053570099102,24.626522579018474,118.70641909699945,0.11839665736446546,29.306267533723187,53.89921569824219,-53.5399055480957,45.232872009277344,-46.00444793701172,PFL2
6903870.0,107,1897.782556852998,551.8165024696791,17.903609026915074,70.30432515581356,1.4269236460734038,12.725617618631265,52.97046661376953,-24.311283111572266,49.61561965942383,-30.165361404418945,PFL2
6903871.0,78,2343.1034338805634,359.53351221494114,30.429914725721602,71.50101399154673,3.893596021639027,16.855121006431865,53.75151824951172,-33.862159729003906,53.95527648925781,-28.39004135131836,PFL2
6904110.0,173,5516.853016300767,806.7509409255755,32.07472683895795,99.80094687343346,0.04038981143487284,20.78142544855726,50.62415313720703,-36.81938934326172,48.507171630859375,-26.107521057128906,PFL2
6904111.0,164,5320.368560004306,1366.9849952416903,32.64029791413685,125.95039111406491,0.2801312609659534,22.691586705830954,50.34397888183594,-38.65943908691406,48.46901321411133,-19.93477439880371,PFL2
6904112.0,169,7865.586157210931,1253.3217493345617,46.818965221493634,186.8208039383677,0.2389053371411968,37.570286071343205,49.33266830444336,-41.528709411621094,53.51243209838867,-24.683393478393555,PFL2
6904139.0,86,2085.2041251695614,1735.0603839616738,24.531813237288958,122.6960952115948,0.0,18.101864759631173,-0.013393227942287922,-22.9898738861084,0.031057000160217285,-7.386163711547852,PFL2
6904182.0,139,1894.525124021687,75.79208485003632,13.728442927693383,42.54901411664406,0.0,9.235014659651764,27.186317443847656,-21.99542808532715,26.708709716796875,-22.540966033935547,PFL2
6904183.0,130,3752.324911571323,378.37004590409884,29.087790012180797,193.19828507548718,0.5256253789826406,29.41605653537035,34.71630096435547,-12.702028274536133,37.72948455810547,-10.741641998291016,PFL2
6904184.0,129,5415.433029874506,1462.2595625515023,42.30807054589458,958.9409073354086,3.7803185140441826,115.70491824312289,37.03107833862305,-13.276058197021484,36.1536865234375,-29.63855743408203,PFL2
6904188.0,89,1958.269866921913,309.76456023908685,22.253066669567193,369.8153533093309,0.9924408416608795,44.320550029192475,-11.902721405029297,-25.065946578979492,-12.407228469848633,-27.868513107299805,PFL2
6990538.0,31,1266.1855318986895,87.81135169977556,42.20618439662299,114.66321037563515,2.7325134317124524,29.212890215244236,53.417484283447266,-25.631053924560547,52.65452194213867,-25.292152404785156,PFL2
6990580.0,17,562.5194800028063,301.68940925750456,35.15746750017539,109.9623385658849,7.337371410290348,26.255665020436883,52.16622543334961,-18.57843017578125,53.923583984375,-15.138891220092773,PFL2
6990595.0,9,151.30978880666333,129.55607150470414,18.913723600832917,29.98671167904523,4.175725879436239,7.365123935141302,-9.914752006530762,-9.992106437683105,-9.538901329040527,-11.11103343963623,PFL2
7900566.0,50,1888.2324082598434,1164.0218535234812,38.535355270609045,77.23790231728516,10.49436323200232,11.164418158677993,53.78676986694336,-50.1986083984375,47.393009185791016,-37.08833312988281,PFL2
7900585.0,141,2698.4925669488707,816.1798721701076,19.274946906777647,134.97591148210964,0.8054876147803267,19.07725097594694,50.28942108154297,-38.58496856689453,53.931678771972656,-28.189090728759766,PFL2
7901001.0,75,1801.2309668981889,226.4882826959722,24.340959012137688,106.42749460822952,3.0201322080286657,19.922852630785453,17.24213409423828,-24.496761322021484,19.136241912841797,-23.708215713500977,PFL2
1902498.0,11,297.1883018061616,72.38672554690132,29.71883018061616,115.36259494757333,4.082475900581156,31.041166420427203,-6.604499816894531,-4.231500148773193,-6.622499942779541,-4.886600017547607,PFL3
1902499.0,14,335.3280053825441,109.74603502134211,25.794461952503394,61.730217682220484,0.9578151642881325,16.068284584016407,-4.072700023651123,-5.197400093078613,-3.9274001121520996,-4.218800067901611,PFL3
1902501.0,40,1026.182299540975,449.01089434764293,26.312366654896795,71.1677672488557,5.391231129248593,13.270814967820124,-5.801199913024902,-89.50479888916016,-6.00540018081665,-93.55919647216797,PFL3
1902663.0,34,1075.3560830935967,521.2259357908058,32.58654797253323,73.8334938709002,4.648007916667236,19.733100459066247,42.320220947265625,-52.08576583862305,41.959110260009766,-58.389991760253906,PFL3
1902692.0,49,1556.5439871098706,497.73264941637643,32.427999731455635,173.48739943230436,1.1947809584127482,35.61128853370009,9.155903816223145,-89.03921508789062,12.280372619628906,-92.30193328857422,PFL3
2903792.0,13,549.8135866515107,155.90663498120333,45.81779888762589,76.51762619437048,7.356671524382302,21.310513278516723,8.498183250427246,-91.00304412841797,8.285311698913574,-89.6021957397461,PFL3
2903880.0,24,1007.9115022414643,439.1064320895848,43.82223922788975,76.73622823956862,9.956488249300659,19.741850094171582,9.24133014678955,-89.00133514404297,10.964548110961914,-92.61062622070312,PFL3
2903881.0,34,1212.405129971896,756.4541866619064,36.739549393087756,86.59098760968477,5.705932475097798,22.546222023432595,42.042537689208984,-52.228485107421875,42.013946533203125,-61.39113235473633,PFL3
2903903.0,10,238.8011634487218,220.70008783968558,26.533462605413533,41.90621634019178,3.742497370227928,9.637308529651062,37.867000579833984,-20.406999588012695,39.80879211425781,-20.93467903137207,PFL3
2903904.0,7,143.59085469719682,127.91766330771897,23.93180911619947,49.835395768289025,5.265204587110988,18.106728173552415,9.534200668334961,-89.05237579345703,10.157510757446289,-88.0710220336914,PFL3
2903929.0,41,1339.3182348098699,529.7651962954446,33.48295587024675,164.04935774161925,1.690074082749577,41.26994271782647,49.994266510009766,-45.00884246826172,45.35955810546875,-46.650028228759766,PFL3
2904010.0,11,208.45979006225443,18.135335599994672,20.84597900622544,73.94014858742135,8.62068734399216,20.048680530611687,26.049800872802734,-93.95369720458984,26.068099975585938,-94.13410186767578,PFL3
2904011.0,10,156.26186039671072,34.886067373763446,17.36242893296786,54.31531512471928,5.656821224084393,17.656083295020167,26.82659912109375,-90.09980010986328,26.703699111938477,-89.77649688720703,PFL3
3901580.0,81,2241.432026443078,573.081829681339,28.017900330538474,69.40638661600677,0.03485752745534733,17.24136690005644,48.99870681762695,-16.492876052856445,53.38398361206055,-20.819841384887695,PFL3
3901582.0,67,1664.7480211507989,52.831731876096114,25.223454865921195,55.92350920919202,5.226926617541906,13.45840945338588,48.101985931396484,-24.498991012573242,48.55244064331055,-24.27170181274414,PFL3
3901583.0,70,1726.349801438193,502.6285460489374,25.019562339683958,61.98054578939427,3.8298753284670046,12.501600091612296,48.59542465209961,-33.71909713745117,50.90113067626953,-27.698205947875977,PFL3
3901584.0,71,2724.0475799127494,855.7630685829959,38.914965427324994,150.15555394437092,9.890378555727239,24.48585936092709,43.99589920043945,-46.61360549926758,45.028018951416016,-35.9105339050293,PFL3
3902331.0,32,1155.8230730085045,315.1855007173936,37.28461525833885,163.7576481223036,4.022642016954856,27.74068059471822,50.92430114746094,-45.699100494384766,53.72249984741211,-46.439701080322266,PFL3
3902348.0,20,825.6645416150666,419.11794741238367,43.456028506056136,86.91847036313257,10.533198470356744,21.75483542195268,24.024799346923828,-67.65370178222656,26.830699920654297,-64.86650085449219,PFL3
3902587.0,10,264.4249896158649,221.1051231782293,29.380554401762765,53.671070405878375,5.452959161807407,15.011267518319235,37.731998443603516,-22.43199920654297,36.29861831665039,-20.705856323242188,PFL3
3902588.0,85,456.8909618180359,181.45414005327652,5.43917811688138,86.62206585805178,0.46741132300255345,10.638443410894496,39.21959686279297,-10.120820045471191,40.851165771484375,-10.080818176269531,PFL3
3902590.0,41,572.8299713733061,264.86996464291605,14.320749284332653,42.028995221985994,2.3883632024679993,10.30831223354718,44.99689483642578,-18.458986282348633,43.7279167175293,-21.27903175354004,PFL3
3902608.0,43,1642.7749141629313,520.0999341175958,39.11368843245074,144.4867578803818,2.37516970109093,31.08771430955471,46.110557556152344,-43.72113800048828,43.664825439453125,-38.09085464477539,PFL3
3902615.0,18,377.67958760657183,135.98390748355592,22.216446329798345,43.64015077477924,9.440029240167517,10.544483777960394,26.026899337768555,-38.94070053100586,25.678699493408203,-37.63800048828125,PFL3
3902688.0,5,139.2285696399128,12.497624995649414,34.8071424099782,46.36060360027313,22.06267195804902,9.861747536143488,49.13014221191406,-16.98000144958496,49.10573959350586,-17.147628784179688,PFL3
4902481.0,11,319.10087937354945,304.49066861073186,31.910087937354945,65.28180963666244,4.3295987215814735,21.096887742169063,42.81050491333008,-61.81022262573242,41.801353454589844,-65.25267791748047,PFL3
4902674.0,25,1131.3270831766629,636.1956305884684,47.13862846569429,127.54061992025679,13.459598298781616,27.357205947501566,42.53303146362305,-61.36545944213867,39.7747802734375,-68.02664184570312,PFL3
4902678.0,23,946.3420518106266,730.4627458832286,43.01554780957394,95.42910170715139,5.956155732218955,26.678472735985338,43.26007843017578,-57.524871826171875,41.048561096191406,-65.87403106689453,PFL3
4903456.0,40,1825.3775973349739,493.4390461866221,46.80455377781984,147.64482466444133,7.400239217801032,34.875004163840735,36.775299072265625,-50.61119842529297,33.03900146484375,-53.532100677490234,PFL3
4903459.0,40,1805.8669323615804,478.29993631983615,46.3042803169636,102.43660094127974,12.131586044867943,21.170352197713452,5.389900207519531,-26.715900421142578,2.8578999042510986,-30.202499389648438,PFL3
4903564.0,14,439.19097957135625,128.09622334720913,33.78392150548894,60.8519806644426,10.047309893351434,17.113823401732684,25.40369987487793,-29.01420021057129,26.030399322509766,-30.087099075317383,PFL3
4903666.0,12,458.0905533948098,264.91996883308815,41.644595763164524,86.5920622141716,7.683269464395508,24.840837703860903,9.595428466796875,-93.04519653320312,8.898777961730957,-90.73682403564453,PFL3
4903763.0,34,953.6699161550878,586.229819047014,28.899088368335992,95.84617024159301,2.1967462644963924,20.97568913931823,42.19321060180664,-52.164493560791016,42.87448501586914,-59.26136016845703,PFL3
4903830.0,18,407.24240261466184,291.890830862568,23.955435447921285,45.97366356139249,3.0701133868315442,12.363834523808544,26.70330047607422,-34.01580047607422,27.098400115966797,-36.925899505615234,PFL3
5907047.0,41,1247.5628862390286,172.4676194398189,31.189072155975715,68.27912726280009,0.43090816779330965,16.75837117707572,8.490633010864258,-20.775836944580078,9.556328773498535,-19.634748458862305,PFL3
5907071.0,43,1537.9799704586267,374.0502891495475,36.618570725205394,99.79289620313455,5.842583264602297,22.497640175906547,45.65294647216797,-44.45268249511719,43.5784797668457,-48.17393493652344,PFL3
5907105.0,6,148.24606035961511,108.05016726018712,29.649212071923024,50.47900326355717,7.2722820421273235,14.88063690303919,9.512466430664062,-89.15837097167969,9.46399974822998,-88.17440032958984,PFL3
5907126.0,35,1061.3990158342535,434.9646398810648,31.21761811277216,85.56720172025213,4.775733813800273,21.81171245996059,41.91475296020508,-52.29943084716797,43.29024124145508,-57.275550842285156,PFL3
5907190.0,173,1559.1693387578305,595.1653631690951,9.064938016033897,45.99935499548431,0.017066178474419484,6.10648639317485,42.569908142089844,-51.961090087890625,45.88046646118164,-57.8345832824707,PFL3
6902887.0,41,710.5923301947068,83.13192733853445,17.76480825486767,47.675605249702365,2.7645451365869644,9.796617171405567,41.19900894165039,-13.839855194091797,41.94352722167969,-13.930841445922852,PFL3
6903042.0,12,317.4988846820067,174.18681724467515,28.863534971091518,51.30062659664218,8.88999557973478,11.57289393350992,46.78419494628906,-38.02643585205078,48.33834457397461,-37.735469818115234,PFL3
6903083.0,26,910.5677071228254,576.8984893885637,36.422708284913014,92.60876635676217,11.106048115792332,21.654656538094486,50.02790069580078,-35.644126892089844,51.67215347290039,-27.845075607299805,PFL3
6904114.0,13,424.9287698568441,282.3980212066604,35.410730821403675,63.02618723609223,4.184637081309986,16.70840901606375,51.40156936645508,-47.571044921875,53.925270080566406,-48.040077209472656,PFL3
6904231.0,53,1400.6653690377195,128.08300526874646,26.935872481494606,63.21368100620393,3.5175326808235314,15.522604669171464,53.62200164794922,-50.787864685058594,53.22798156738281,-48.971317291259766,PFL3
6990525.0,12,483.21049035034594,77.99238384100236,43.92822639548599,82.29050448161432,20.32399280509112,19.387745907791047,8.958601951599121,-92.07035064697266,8.25794792175293,-92.03759002685547,PFL3
6990661.0,33,1144.3571682723027,773.1919157510048,35.76116150850946,91.8575013212582,7.488913508006092,22.910849360575714,41.6920051574707,-52.45309829711914,41.915897369384766,-61.78101348876953,PFL3
6990727.0,13,311.99230877985616,178.13877981594842,25.999359064988013,67.2545748092096,0.6216176131005343,18.945859500685735,2.0071699619293213,-23.005157470703125,2.941676616668701,-21.702686309814453,PFL3
7901026.0,16,381.2772590436314,238.80164654083129,25.41848393624209,67.05696249489878,8.603705374921473,16.2312381673277,34.56897735595703,-12.483441352844238,32.91030502319336,-14.124072074890137,PFL3
7901134.0,38,482.9213795163296,125.66398217849333,13.051929176117016,47.32838715140708,0.9388355747918217,9.761743166522807,36.249053955078125,-4.114059925079346,35.94607162475586,-5.461514949798584,PFL3
7901146.0,18,261.80221453873213,84.11508932118373,15.400130266984243,46.31973530949114,1.2321484872251678,11.59355985834182,11.471757888793945,-22.99310874938965,11.550701141357422,-23.760887145996094,PFL3
7902101.0,37,1757.0451993742213,90.62348301735179,48.80681109372837,105.99955778190896,4.170103259288755,26.180123539835595,1.4551000595092773,-94.19159698486328,2.121299982070923,-93.7219009399414,PFL3
7902215.0,33,815.943790116442,350.7284215975103,25.49824344113881,98.12441579650813,0.7486762817689664,20.17454719204151,41.69131851196289,-52.44683074951172,42.99890899658203,-56.33106231689453,PFL3
7902226.0,18,808.9127242315917,456.79481679143646,47.583101425387746,107.63814162577553,11.747121544293135,20.87243986411671,26.07040023803711,-44.00450134277344,26.087200164794922,-48.578399658203125,PFL3
7902279.0,26,341.4795276884643,96.42330955875076,13.659181107538572,20.830507965977286,7.005286652636885,3.96257046316472,48.967803955078125,-16.38911247253418,49.584835052490234,-17.323041915893555,PFL3
